Date,Close,1Month,3Months,6Months,12Months
12/1/1927,17.66,,,,
1/1/1928,17.57,-0.005096263,,,
2/1/1928,17.26,-0.017643711,,,
3/1/1928,19.280001,0.117033662,0.091732786,,
4/1/1928,19.75,0.02437754,0.124075128,,
5/1/1928,20,0.012658228,0.158748552,,
6/1/1928,19.139999,-0.04300005,-0.007261514,0.083805153,
7/1/1928,19.43,0.015151568,-0.016202532,0.105862265,
8/1/1928,20.870001,0.074112249,0.04350005,0.209154171,
9/1/1928,21.139999,0.012937134,0.104493213,0.09647292,
10/1/1928,21.68,0.025544041,0.115800309,0.097721519,
11/1/1928,24.280001,0.119926245,0.163392421,0.21400005,
12/1/1928,24.35,0.00288299,0.151844898,0.272204873,0.378822197
1/1/1929,25.74,0.057084189,0.187269373,0.324755533,0.464997154
2/1/1929,25.59,-0.005827506,0.053953828,0.226161896,0.482618772
3/1/1929,25.530001,-0.002344627,0.04846,0.207663302,0.324170108
4/1/1929,25.940001,0.016059537,0.007770047,0.196494511,0.313417772
5/1/1929,24.83,-0.042791093,-0.029699101,0.022652347,0.2415
6/1/1929,27.41,0.103906565,0.073638814,0.125667351,0.43207949
7/1/1929,28.879999,0.053630026,0.113338392,0.121989083,0.486361245
8/1/1929,31.709999,0.097991693,0.277084132,0.239155881,0.519405725
9/1/1929,30.16,-0.048880449,0.100328347,0.181355222,0.426679348
10/1/1929,24.15,-0.199270557,-0.163781134,-0.069005433,0.113929889
11/1/1929,20.92,-0.133747412,-0.340271187,-0.157470801,-0.138385538
12/1/1929,21.450001,0.025334656,-0.28879307,-0.217438854,-0.119096468
1/1/1930,22.790001,0.06247086,-0.056314658,-0.210872514,-0.114607576
2/1/1930,23.280001,0.021500657,0.112810755,-0.265846681,-0.090269597
3/1/1930,24.15,0.037371089,0.125874073,-0.199270557,-0.054054091
4/1/1930,24.9,0.031055901,0.092584419,0.031055901,-0.040092558
5/1/1930,24.49,-0.016465863,0.0519759,0.170650096,-0.013693113
6/1/1930,20.459999,-0.164557003,-0.152795072,-0.046153937,-0.253557132
7/1/1930,21.209999,0.036656893,-0.148192811,-0.069328738,-0.265581727
8/1/1930,21.370001,0.007543706,-0.127398898,-0.08204467,-0.326080048
9/1/1930,18.59,-0.13008895,-0.091397805,-0.230227743,-0.38362069
10/1/1930,16.940001,-0.088757343,-0.201320047,-0.319678675,-0.298550683
11/1/1930,16.379999,-0.033057967,-0.233504996,-0.331155615,-0.217017256
12/1/1930,15.34,-0.063492006,-0.174825175,-0.250244343,-0.284848518
1/1/1931,16.190001,0.055410756,-0.044273905,-0.236680728,-0.289600689
2/1/1931,18.030001,0.113650394,0.100732729,-0.156293863,-0.225515454
3/1/1931,16.690001,-0.074320573,0.08800528,-0.102205433,-0.30890265
4/1/1931,15.09,-0.095865842,-0.067943232,-0.109209025,-0.393975904
5/1/1931,13.02,-0.137176938,-0.277870256,-0.205128157,-0.46835443
6/1/1931,14.83,0.139016897,-0.111444032,-0.033246415,-0.27517103
7/1/1931,13.73,-0.074173972,-0.090125911,-0.151945698,-0.352663807
8/1/1931,13.86,0.009468318,0.064516129,-0.231281241,-0.351427265
9/1/1931,9.71,-0.299422799,-0.345246123,-0.418214535,-0.47767617
10/1/1931,10.43,0.07415036,-0.240349599,-0.308813784,-0.384297557
11/1/1931,9.5,-0.089165868,-0.314574315,-0.270353303,-0.420024385
12/1/1931,8.12,-0.145263158,-0.163748713,-0.452461227,-0.470664928
1/1/1932,7.94,-0.022167488,-0.23873442,-0.421704297,-0.509573841
2/1/1932,8.29,0.044080605,-0.127368421,-0.401875902,-0.540210785
3/1/1932,7.31,-0.118214717,-0.099753695,-0.247167868,-0.562013208
4/1/1932,5.83,-0.20246238,-0.265743073,-0.441035475,-0.613651425
5/1/1932,4.47,-0.233276158,-0.46079614,-0.529473684,-0.656682028
6/1/1932,4.43,-0.008948546,-0.393980848,-0.454433498,-0.701281187
7/1/1932,6.03,0.361173815,0.034305317,-0.240554156,-0.560815732
8/1/1932,8.39,0.391376451,0.876957494,0.012062726,-0.394660895
9/1/1932,8.08,-0.036948749,0.823927765,0.105335157,-0.167868177
10/1/1932,6.96,-0.138613861,0.154228856,0.193825043,-0.332694151
11/1/1932,6.55,-0.058908046,-0.219308701,0.465324385,-0.310526316
12/1/1932,6.92,0.05648855,-0.143564356,0.562076749,-0.147783251
1/1/1933,6.94,0.002890173,-0.002873563,0.150912106,-0.125944584
2/1/1933,5.66,-0.18443804,-0.135877863,-0.325387366,-0.317249698
3/1/1933,5.85,0.033568905,-0.154624277,-0.275990099,-0.199726402
4/1/1933,7.83,0.338461538,0.128242075,0.125,0.343053173
5/1/1933,9.64,0.231162197,0.703180212,0.471755725,1.156599553
6/1/1933,10.91,0.131742739,0.864957265,0.576589595,1.46275395
7/1/1933,9.95,-0.087992667,0.270753512,0.433717579,0.650082919
8/1/1933,11.09,0.114572864,0.150414938,0.959363958,0.321811681
9/1/1933,9.72,-0.123534716,-0.109074244,0.661538462,0.202970297
10/1/1933,8.96,-0.0781893,-0.099497487,0.144316731,0.287356322
11/1/1933,9.88,0.102678571,-0.109107304,0.024896266,0.508396947
12/1/1933,9.97,0.009109312,0.025720165,-0.086159487,0.440751445
1/1/1934,11.17,0.120361083,0.246651786,0.122613065,0.609510086
2/1/1934,10.76,-0.036705461,0.089068826,-0.029756537,0.901060071
3/1/1934,10.62,-0.013011152,0.065195587,0.092592593,0.815384615
4/1/1934,10.46,-0.015065913,-0.063563115,0.167410714,0.335887612
5/1/1934,9.61,-0.08126195,-0.106877323,-0.027327935,-0.003112033
6/1/1934,9.81,0.020811655,-0.076271186,-0.016048144,-0.100824931
7/1/1934,8.68,-0.115188583,-0.170172084,-0.222918532,-0.127638191
8/1/1934,9.15,0.054147465,-0.047866805,-0.149628253,-0.174932372
9/1/1934,9.08,-0.007650273,-0.074413863,-0.145009416,-0.065843621
10/1/1934,8.81,-0.029735683,0.014976959,-0.157743786,-0.016741071
11/1/1934,9.54,0.082860386,0.042622951,-0.007284079,-0.034412955
12/1/1934,9.5,-0.004192872,0.046255507,-0.031600408,-0.047141424
1/1/1935,9.1,-0.042105263,0.03291714,0.048387097,-0.185317816
2/1/1935,8.74,-0.03956044,-0.083857442,-0.044808743,-0.187732342
3/1/1935,8.45,-0.033180778,-0.110526316,-0.06938326,-0.20433145
4/1/1935,9.28,0.098224852,0.01978022,0.053348468,-0.112810707
5/1/1935,9.58,0.032327586,0.09610984,0.004192872,-0.003121748
6/1/1935,10.24,0.068893528,0.21183432,0.077894737,0.043832824
7/1/1935,11.08,0.08203125,0.193965517,0.217582418,0.276497696
8/1/1935,11.24,0.014440433,0.173277662,0.28604119,0.228415301
9/1/1935,11.59,0.03113879,0.131835938,0.371597633,0.276431718
10/1/1935,12.46,0.075064711,0.124548736,0.342672414,0.41430193
11/1/1935,12.94,0.038523274,0.151245552,0.350730689,0.35639413
12/1/1935,13.43,0.037867079,0.15875755,0.311523438,0.413684211
1/1/1936,14.31,0.065524944,0.14847512,0.291516245,0.572527473
2/1/1936,14.6,0.020265549,0.128284389,0.298932384,0.670480549
3/1/1936,14.92,0.021917808,0.110945644,0.287316652,0.765680473
4/1/1936,13.77,-0.077077748,-0.037735849,0.105136437,0.483836207
5/1/1936,14.4,0.045751634,-0.01369863,0.112828439,0.503131524
6/1/1936,14.84,0.030555556,-0.00536193,0.104988831,0.44921875
7/1/1936,15.85,0.068059299,0.151053014,0.107617051,0.430505415
8/1/1936,15.99,0.008832808,0.110416667,0.095205479,0.422597865
9/1/1936,16.01,0.001250782,0.07884097,0.0730563,0.381363244
10/1/1936,17.23,0.076202374,0.087066246,0.251270879,0.38282504
11/1/1936,17.280001,0.002901973,0.080675485,0.200000069,0.335394204
12/1/1936,17.18,-0.005787095,0.073079325,0.157681941,0.279225614
1/1/1937,17.77,0.034342258,0.031340685,0.121135647,0.241788959
2/1/1937,18.059999,0.016319584,0.045138771,0.129455847,0.236986233
3/1/1937,17.92,-0.007751883,0.043073341,0.119300437,0.201072386
4/1/1937,16.43,-0.083147321,-0.075407991,-0.046430644,0.193173566
5/1/1937,16.26,-0.010346926,-0.099667724,-0.059027832,0.129166667
6/1/1937,15.4,-0.052890529,-0.140625,-0.103608847,0.037735849
7/1/1937,16.77,0.088961039,0.020693853,-0.05627462,0.058044164
8/1/1937,16.040001,-0.043530054,-0.013530074,-0.111849286,0.003127017
9/1/1937,13.76,-0.142144692,-0.106493506,-0.232142857,-0.140537164
10/1/1937,12.35,-0.10247093,-0.263565891,-0.248326233,-0.28322693
11/1/1937,11.11,-0.100404858,-0.307356652,-0.316728167,-0.357060222
12/1/1937,10.55,-0.050405041,-0.233284884,-0.314935065,-0.385913853
1/1/1938,10.69,0.013270142,-0.134412955,-0.362552177,-0.398424311
2/1/1938,11.34,0.06080449,0.02070207,-0.2930175,-0.372092988
3/1/1938,8.5,-0.250440917,-0.194312796,-0.382267442,-0.525669643
4/1/1938,9.78,0.150588235,-0.085126286,-0.208097166,-0.404747413
5/1/1938,9.27,-0.052147239,-0.182539683,-0.165616562,-0.429889299
6/1/1938,11.56,0.247033441,0.36,0.095734597,-0.249350649
7/1/1938,12.33,0.066608997,0.260736196,0.153414406,-0.264758497
8/1/1938,12.06,-0.02189781,0.300970874,0.063492063,-0.248129723
9/1/1938,12.24,0.014925373,0.058823529,0.44,-0.110465116
10/1/1938,13.17,0.075980392,0.068126521,0.346625767,0.066396761
11/1/1938,12.73,-0.033409263,0.055555556,0.373247033,0.145814581
12/1/1938,13.14,0.032207384,0.073529412,0.136678201,0.24549763
1/1/1939,12.3,-0.063926941,-0.066059226,-0.00243309,0.150608045
2/1/1939,12.7,0.032520325,-0.002356638,0.053067993,0.119929453
3/1/1939,10.98,-0.135433071,-0.164383562,-0.102941176,0.291764706
4/1/1939,10.93,-0.004553734,-0.111382114,-0.170083523,0.117586912
5/1/1939,11.6,0.061299177,-0.086614173,-0.088766693,0.251348436
6/1/1939,10.86,-0.063793103,-0.010928962,-0.173515982,-0.060553633
7/1/1939,12.04,0.108655617,0.101555352,-0.021138211,-0.02351987
8/1/1939,11.18,-0.071428571,-0.036206897,-0.119685039,-0.072968491
9/1/1939,12.79,0.144007156,0.17771639,0.164845173,0.044934641
10/1/1939,12.83,0.003127443,0.065614618,0.173833486,-0.025816249
11/1/1939,12.2,-0.049103663,0.091234347,0.051724138,-0.041633936
12/1/1939,12.46,0.021311475,-0.025801407,0.14732965,-0.051750381
1/1/1940,12.05,-0.032905297,-0.060795012,0.000830565,-0.020325203
2/1/1940,12.13,0.006639004,-0.005737705,0.084973166,-0.04488189
3/1/1940,12.18,0.004122012,-0.02247191,-0.047693511,0.109289617
4/1/1940,12.19,0.000821018,0.011618257,-0.049883087,0.115279048
5/1/1940,9.27,-0.239540607,-0.23577906,-0.240163934,-0.200862069
6/1/1940,9.98,0.076591154,-0.180623974,-0.199036918,-0.081031308
7/1/1940,10.29,0.031062124,-0.155865463,-0.146058091,-0.145348837
8/1/1940,10.5,0.020408163,0.132686084,-0.134377576,-0.060822898
9/1/1940,10.66,0.015238095,0.068136273,-0.124794745,-0.166536357
10/1/1940,11.08,0.039399625,0.076773567,-0.091058244,-0.136399065
11/1/1940,10.57,-0.046028881,0.006666667,0.140237325,-0.133606557
12/1/1940,10.58,0.000946074,-0.00750469,0.06012024,-0.150882825
1/1/1941,10.07,-0.048204159,-0.091155235,-0.021379981,-0.164315353
2/1/1941,9.92,-0.01489573,-0.061494797,-0.055238095,-0.18219291
3/1/1941,9.96,0.004032258,-0.058601134,-0.065666041,-0.18226601
4/1/1941,9.31,-0.065261044,-0.075471698,-0.159747292,-0.236259229
5/1/1941,9.38,0.007518797,-0.054435484,-0.112582781,0.011866235
6/1/1941,9.85,0.05010661,-0.011044177,-0.06899811,-0.013026052
7/1/1941,10.39,0.054822335,0.116004296,0.031777557,0.009718173
8/1/1941,10.28,-0.010587103,0.095948827,0.036290323,-0.020952381
9/1/1941,10.2,-0.007782101,0.035532995,0.024096386,-0.04315197
10/1/1941,9.5,-0.068627451,-0.085659288,0.020408163,-0.142599278
11/1/1941,9.12,-0.04,-0.112840467,-0.02771855,-0.1371807
12/1/1941,8.69,-0.047149123,-0.148039216,-0.117766497,-0.178638941
1/1/1942,8.85,0.018411968,-0.068421053,-0.148219442,-0.121151936
2/1/1942,8.59,-0.029378531,-0.058114035,-0.164396887,-0.134072581
3/1/1942,8.01,-0.067520373,-0.078250863,-0.214705882,-0.195783133
4/1/1942,7.66,-0.043695381,-0.134463277,-0.193684211,-0.177228786
5/1/1942,8.15,0.063968668,-0.051222352,-0.106359649,-0.131130064
6/1/1942,8.3,0.018404908,0.036204744,-0.044879171,-0.157360406
7/1/1942,8.56,0.031325301,0.117493473,-0.032768362,-0.176130895
8/1/1942,8.62,0.007009346,0.057668712,0.003492433,-0.161478599
9/1/1942,8.85,0.026682135,0.06626506,0.104868914,-0.132352941
10/1/1942,9.36,0.057627119,0.093457944,0.221932115,-0.014736842
11/1/1942,9.29,-0.007478632,0.077726218,0.139877301,0.018640351
12/1/1942,9.77,0.051668461,0.103954802,0.177108434,0.124280783
1/1/1943,10.44,0.068577277,0.115384615,0.219626168,0.179661017
2/1/1943,10.97,0.050766284,0.180839612,0.27262181,0.277066356
3/1/1943,11.58,0.055606199,0.185261003,0.308474576,0.445692884
4/1/1943,11.59,0.000863558,0.110153257,0.238247863,0.51305483
5/1/1943,12.05,0.039689387,0.098450319,0.297093649,0.478527607
6/1/1943,12.35,0.024896266,0.066493955,0.264073695,0.487951807
7/1/1943,11.85,-0.04048583,0.022433132,0.135057471,0.384345794
8/1/1943,11.8,-0.004219409,-0.020746888,0.075660893,0.368909513
9/1/1943,12.08,0.023728814,-0.021862348,0.043177893,0.364971751
10/1/1943,11.91,-0.014072848,0.005063291,0.027610009,0.272435897
11/1/1943,11.02,-0.07472712,-0.066101695,-0.085477178,0.186221744
12/1/1943,11.67,0.058983666,-0.033940397,-0.055060729,0.194472876
1/1/1944,11.85,0.015424165,-0.005037783,0,0.135057471
2/1/1944,11.82,-0.002531646,0.072595281,0.001694915,0.077484047
3/1/1944,12.02,0.016920474,0.029991431,-0.004966887,0.037996546
4/1/1944,11.87,-0.012479201,0.001687764,-0.003358522,0.024158758
5/1/1944,12.35,0.040438079,0.044839255,0.120689655,0.024896266
6/1/1944,12.98,0.051012146,0.079866889,0.112253642,0.051012146
7/1/1944,12.71,-0.020801233,0.070766639,0.07257384,0.07257384
8/1/1944,12.82,0.008654603,0.03805668,0.084602369,0.086440678
9/1/1944,12.74,-0.00624025,-0.018489985,0.059900166,0.054635762
10/1/1944,12.78,0.003139717,0.005507474,0.076663858,0.073047859
11/1/1944,12.83,0.003912363,0.000780031,0.038866397,0.164246824
12/1/1944,13.28,0.035074045,0.042386185,0.023112481,0.137960583
1/1/1945,13.47,0.014307229,0.05399061,0.059795437,0.136708861
2/1/1945,14.3,0.061618411,0.114575214,0.115444618,0.209813875
3/1/1945,13.61,-0.048251748,0.024849398,0.068288854,0.132279534
4/1/1945,14.84,0.090374724,0.101707498,0.161189358,0.250210615
5/1/1945,15.01,0.011455526,0.04965035,0.169914263,0.215384615
6/1/1945,14.87,-0.009327115,0.092578986,0.119728916,0.145608629
7/1/1945,14.66,-0.014122394,-0.01212938,0.088344469,0.153422502
8/1/1945,15.51,0.0579809,0.033311126,0.084615385,0.209828393
9/1/1945,16.049999,0.034816183,0.079354338,0.179279868,0.259811538
10/1/1945,16.65,0.037383242,0.13574352,0.121967655,0.302816901
11/1/1945,17.190001,0.032432492,0.108317279,0.145236576,0.339828605
12/1/1945,17.360001,0.00988947,0.081620067,0.167451311,0.307228991
1/1/1946,18.57,0.069700399,0.115315315,0.266712142,0.378619154
2/1/1946,17.280001,-0.069466828,0.005235602,0.114119987,0.208391678
3/1/1946,18.040001,0.043981479,0.039170505,0.123987671,0.325496032
4/1/1946,18.76,0.039911251,0.010231556,0.126726727,0.264150943
5/1/1946,19.18,0.02238806,0.109953639,0.115764915,0.27781479
6/1/1946,18.43,-0.039103233,0.021618569,0.061635884,0.239408204
7/1/1946,17.959999,-0.025501953,-0.042643977,-0.032848735,0.225102251
8/1/1946,16.65,-0.072939815,-0.131908238,-0.036458389,0.073500967
9/1/1946,14.96,-0.101501502,-0.188279978,-0.170731753,-0.067912715
10/1/1946,14.84,-0.00802139,-0.17371933,-0.208955224,-0.108708709
11/1/1946,14.68,-0.010781671,-0.118318318,-0.234619395,-0.146015175
12/1/1946,15.3,0.042234332,0.022727273,-0.169831796,-0.118663645
1/1/1947,15.66,0.023529412,0.055256065,-0.128062312,-0.156704362
2/1/1947,15.43,-0.014687101,0.051089918,-0.073273273,-0.107060237
3/1/1947,15.17,-0.016850292,-0.008496732,0.014037433,-0.159090956
4/1/1947,14.58,-0.038892551,-0.068965517,-0.017520216,-0.222814499
5/1/1947,14.45,-0.008916324,-0.063512638,-0.015667575,-0.246611053
6/1/1947,15.21,0.052595156,0.002636783,-0.005882353,-0.174715138
7/1/1947,15.76,0.036160421,0.080932785,0.006385696,-0.122494383
8/1/1947,15.32,-0.027918782,0.060207612,-0.00712897,-0.07987988
9/1/1947,15.11,-0.013707572,-0.006574622,-0.003955175,0.010026738
10/1/1947,15.43,0.021178028,-0.020939086,0.05829904,0.039757412
11/1/1947,14.98,-0.029163966,-0.022193211,0.036678201,0.020435967
12/1/1947,15.3,0.021361816,0.012574454,0.00591716,0
1/1/1948,14.68,-0.040522876,-0.04860661,-0.068527919,-0.062579821
2/1/1948,13.93,-0.051089918,-0.070093458,-0.09073107,-0.097213221
3/1/1948,15.08,0.082555635,-0.014379085,-0.00198544,-0.005932762
4/1/1948,15.48,0.026525199,0.054495913,0.003240441,0.061728395
5/1/1948,16.690001,0.078165439,0.198133597,0.11415227,0.15501737
6/1/1948,16.74,0.002995746,0.110079576,0.094117647,0.100591716
7/1/1948,15.85,-0.053166069,0.023901809,0.079700272,0.00571066
8/1/1948,15.97,0.007570978,-0.043139662,0.146446518,0.042428198
9/1/1948,15.49,-0.030056356,-0.074671446,0.027188329,0.025148908
10/1/1948,16.5,0.065203357,0.041009464,0.065891473,0.069345431
11/1/1948,14.75,-0.106060606,-0.076393237,-0.116237321,-0.015353805
12/1/1948,15.2,0.030508475,-0.018721756,-0.091995221,-0.006535948
1/1/1949,15.22,0.001315789,-0.077575758,-0.039747634,0.036784741
2/1/1949,14.62,-0.039421813,-0.008813559,-0.0845335,0.049533381
3/1/1949,15.06,0.030095759,-0.009210526,-0.027759845,-0.00132626
4/1/1949,14.71,-0.023240372,-0.033508541,-0.108484848,-0.049741602
5/1/1949,14.19,-0.035350102,-0.029411765,-0.037966102,-0.149790345
6/1/1949,14.16,-0.002114165,-0.059760956,-0.068421053,-0.154121864
7/1/1949,15.04,0.062146893,0.022433719,-0.011826544,-0.051104101
8/1/1949,15.22,0.011968085,0.072586328,0.041039672,-0.046963056
9/1/1949,15.58,0.023653088,0.100282486,0.034528552,0.0058102
10/1/1949,16.040001,0.029525096,0.066489428,0.090414752,-0.027878727
11/1/1949,16.059999,0.001246758,0.055190473,0.131782875,0.088813492
12/1/1949,16.790001,0.045454673,0.077663736,0.185734534,0.104605329
1/1/1950,17.049999,0.015485288,0.062967452,0.133643551,0.120236465
2/1/1950,17.219999,0.009970675,0.072229145,0.131405979,0.177838509
3/1/1950,17.290001,0.004065157,0.029779629,0.109756162,0.148074436
4/1/1950,18.07,0.045112722,0.059824109,0.126558533,0.228416044
5/1/1950,18.780001,0.039291699,0.090592456,0.169365017,0.323467301
6/1/1950,17.690001,-0.058040465,0.023134759,0.053603332,0.249293856
7/1/1950,17.84,0.00847931,-0.012728279,0.046334372,0.186170213
8/1/1950,18.42,0.032511211,-0.019169381,0.069686473,0.210249671
9/1/1950,19.450001,0.055917535,0.099491232,0.124927697,0.248395443
10/1/1950,19.530001,0.00411311,0.094730998,0.080796956,0.217581034
11/1/1950,19.51,-0.001024117,0.05917481,0.038871084,0.214819503
12/1/1950,20.41,0.04613019,0.049357273,0.153759121,0.215604454
1/1/1951,21.66,0.061244488,0.109062923,0.214125561,0.270381306
2/1/1951,21.799999,0.006463481,0.117375654,0.183496145,0.265969818
3/1/1951,21.4,-0.018348579,0.048505634,0.100257013,0.237709587
4/1/1951,22.43,0.048130841,0.0355494,0.148489445,0.241283896
5/1/1951,21.52,-0.040570664,-0.012843991,0.10302409,0.145899832
6/1/1951,20.959999,-0.026022351,-0.020560794,0.026947526,0.184850074
7/1/1951,22.4,0.068702341,-0.001337494,0.034164358,0.255605381
8/1/1951,23.280001,0.039285759,0.081784433,0.067890003,0.263843702
9/1/1951,23.26,-0.000859149,0.109732877,0.086915888,0.195886828
10/1/1951,22.940001,-0.013757481,0.024107188,0.02273745,0.174603166
11/1/1951,22.879999,-0.002615606,-0.017182216,0.06319698,0.172731881
12/1/1951,23.77,0.038898647,0.021926053,0.13406494,0.164625184
1/1/1952,24.139999,0.015565797,0.052310285,0.077678527,0.114496722
2/1/1952,23.26,-0.036453978,0.016608436,-0.000859149,0.066972526
3/1/1952,24.370001,0.047721453,0.025241944,0.047721453,0.138785093
4/1/1952,23.32,-0.0430858,-0.033968477,0.016564908,0.039679001
5/1/1952,23.860001,0.023156132,0.0257954,0.042832257,0.108736106
6/1/1952,24.959999,0.046102177,0.024210011,0.050063063,0.190839704
7/1/1952,25.4,0.017628246,0.089193825,0.05219557,0.133928571
8/1/1952,25.030001,-0.01456689,0.049036042,0.076096346,0.075171818
9/1/1952,24.540001,-0.019576507,-0.016826844,0.00697579,0.055030138
10/1/1952,24.52,-0.000815037,-0.034645669,0.051457976,0.06887528
11/1/1952,25.66,0.046492659,0.025169755,0.075440022,0.121503546
12/1/1952,26.57,0.035463757,0.082722042,0.064503248,0.117795541
1/1/1953,26.379999,-0.00715096,0.075856403,0.038582638,0.09279205
2/1/1953,25.9,-0.018195566,0.009353079,0.034758249,0.11349957
3/1/1953,25.290001,-0.023552085,-0.048174595,0.030562346,0.037751332
4/1/1953,24.620001,-0.026492684,-0.066717137,0.004078344,0.055746184
5/1/1953,24.540001,-0.003249391,-0.052509614,-0.043647662,0.02849958
6/1/1953,24.139999,-0.016299999,-0.045472596,-0.091456568,-0.032852565
7/1/1953,24.75,0.025269305,0.005280219,-0.061789199,-0.025590551
8/1/1953,23.32,-0.057777778,-0.04971479,-0.0996139,-0.068318056
9/1/1953,23.35,0.001286449,-0.032725726,-0.076710199,-0.048492296
10/1/1953,24.540001,0.05096364,-0.008484808,-0.003249391,0.000815701
11/1/1953,24.76,0.008964914,0.061749571,0.008964914,-0.035074045
12/1/1953,24.809999,0.002019346,0.062526724,0.027754765,-0.066240158
1/1/1954,26.08,0.051189079,0.062754643,0.053737374,-0.011372214
2/1/1954,26.15,0.002684049,0.056138934,0.12135506,0.00965251
3/1/1954,26.940001,0.030210363,0.085852563,0.153747366,0.065243177
4/1/1954,28.26,0.048997734,0.083588957,0.151589195,0.147847232
5/1/1954,29.190001,0.03290874,0.116252428,0.178917649,0.189486545
6/1/1954,29.209999,0.000685098,0.084261244,0.177347851,0.210024864
7/1/1954,30.879999,0.057172203,0.09271051,0.184049041,0.247676727
8/1/1954,29.83,-0.034002559,0.021925282,0.140726577,0.27915952
9/1/1954,32.310001,0.083137814,0.10612811,0.199331841,0.383725953
10/1/1954,31.68,-0.019498638,0.025906769,0.121019108,0.290953493
11/1/1954,34.240002,0.080808144,0.147837814,0.173004482,0.382875687
12/1/1954,35.98,0.050817696,0.11358709,0.231769984,0.450221743
1/1/1955,36.630001,0.01806562,0.156250032,0.186204734,0.404524578
2/1/1955,36.759998,0.003548922,0.07359801,0.232316393,0.405736061
3/1/1955,36.580002,-0.004896518,0.016675987,0.132157254,0.357832244
4/1/1955,37.959999,0.037725449,0.036308981,0.198232292,0.343241295
5/1/1955,37.91,-0.00131715,0.03128406,0.107184515,0.298732398
6/1/1955,41.029999,0.082300158,0.121651087,0.140355725,0.404655954
7/1/1955,43.52,0.060687328,0.146469999,0.188097156,0.409326471
8/1/1955,43.18,-0.0078125,0.139013453,0.174646419,0.447536038
9/1/1955,43.669998,0.0113478,0.064343141,0.193821641,0.35159383
10/1/1955,42.34,-0.030455646,-0.027113971,0.115384645,0.336489899
11/1/1955,45.509998,0.074870052,0.05396012,0.200474756,0.32914706
12/1/1955,45.48,-0.000659152,0.041447265,0.108457253,0.264035575
1/1/1956,43.82,-0.03649956,0.034955125,0.006893382,0.196287164
2/1/1956,45.34,0.034687357,-0.003735399,0.050023159,0.233405943
3/1/1956,48.48,0.069254521,0.065963061,0.110144315,0.325314307
4/1/1956,48.380001,-0.002062686,0.104062095,0.142654724,0.274499533
5/1/1956,45.200001,-0.065729639,-0.003087759,-0.006811624,0.192297573
6/1/1956,46.970001,0.039159291,-0.031146844,0.032761675,0.14477217
7/1/1956,49.389999,0.051522205,0.020876353,0.127110885,0.134880492
8/1/1956,47.509998,-0.038064407,0.051106127,0.047860565,0.10027786
9/1/1956,45.349998,-0.045464115,-0.034490163,-0.064562748,0.038470348
10/1/1956,45.580002,0.005071753,-0.077141063,-0.057875133,0.076523429
11/1/1956,45.080002,-0.010969723,-0.051147045,-0.002654845,-0.009448385
12/1/1956,46.669998,0.03527054,0.029106947,-0.006387119,0.026165303
1/1/1957,44.720001,-0.041782667,-0.018867946,-0.094553515,0.02053859
2/1/1957,43.259998,-0.032647651,-0.040372758,-0.089454855,-0.045875651
3/1/1957,44.110001,0.019648706,-0.054853163,-0.027342824,-0.090140243
4/1/1957,45.740002,0.036953094,0.022808609,0.003510311,-0.054567982
5/1/1957,47.43,0.036947921,0.096393948,0.052129501,0.04933626
6/1/1957,47.369999,-0.001265043,0.073906097,0.014998951,0.008516031
7/1/1957,47.91,0.011399641,0.047442018,0.071332713,-0.02996556
8/1/1957,45.220001,-0.056146921,-0.046594961,0.045307515,-0.048200318
9/1/1957,42.419998,-0.06191957,-0.10449654,-0.038313375,-0.064608603
10/1/1957,41.060001,-0.03206028,-0.142976393,-0.102317464,-0.099166319
11/1/1957,41.720001,0.016074038,-0.077399379,-0.120387919,-0.07453418
12/1/1957,39.990002,-0.041466897,-0.057284208,-0.155794747,-0.143132554
1/1/1958,41.700001,0.042760663,0.015586946,-0.129618013,-0.067531304
2/1/1958,40.84,-0.020623525,-0.021093024,-0.096859817,-0.055940779
3/1/1958,42.099998,0.030852057,0.052763088,-0.007543612,-0.045567965
4/1/1958,43.439999,0.031829004,0.04172657,0.057963905,-0.050284279
5/1/1958,44.09,0.014963191,0.079578844,0.056807261,-0.070419566
6/1/1958,45.240002,0.026083057,0.074584422,0.131282814,-0.044965105
7/1/1958,47.189999,0.04310338,0.086325969,0.131654625,-0.015028199
8/1/1958,47.75,0.011866942,0.083012021,0.169196866,0.055948672
9/1/1958,50.060001,0.048376984,0.106542856,0.189073714,0.180103804
10/1/1958,51.330002,0.025369576,0.087730517,0.181629907,0.250121791
11/1/1958,52.48,0.022404012,0.099057592,0.190292583,0.257909845
12/1/1958,55.209999,0.052019798,0.102876506,0.220380118,0.380595055
1/1/1959,55.450001,0.004347075,0.08026493,0.17503713,0.329736203
2/1/1959,55.41,-0.000721389,0.055830793,0.160418848,0.35675808
3/1/1959,55.439999,0.0005414,0.004165912,0.107470993,0.316864647
4/1/1959,57.59,0.038780683,0.038593309,0.121955927,0.325736679
5/1/1959,58.68,0.018926897,0.059014618,0.118140244,0.330914039
6/1/1959,58.470001,-0.003578715,0.054653717,0.059047311,0.292440283
7/1/1959,60.509998,0.034889635,0.050703212,0.091253326,0.282263176
8/1/1959,59.599998,-0.015038837,0.015678221,0.075618083,0.248167497
9/1/1959,56.880001,-0.045637535,-0.027193432,0.025974063,0.136236513
10/1/1959,57.52,0.01125174,-0.049413289,-0.001215489,0.120592203
11/1/1959,58.279999,0.013212778,-0.022147635,-0.00681665,0.110518274
12/1/1959,59.889999,0.027625258,0.052918389,0.024285924,0.084767254
1/1/1960,55.610001,-0.071464319,-0.033205824,-0.080978304,0.002885482
2/1/1960,56.119999,0.009170976,-0.037062458,-0.058389247,0.012813554
3/1/1960,55.34,-0.013898771,-0.075972601,-0.02707456,-0.001803734
4/1/1960,54.369999,-0.017528027,-0.022298183,-0.054763578,-0.055912502
5/1/1960,55.830002,0.0268531,-0.005167445,-0.042038384,-0.048568473
6/1/1960,56.919998,0.019523481,0.028550741,-0.049590934,-0.026509372
7/1/1960,55.509998,-0.02477161,0.020967427,-0.001798292,-0.082630973
8/1/1960,56.959999,0.026121439,0.02023996,0.014967926,-0.044295287
9/1/1960,53.52,-0.060393242,-0.059732926,-0.032887604,-0.059071747
10/1/1960,53.389999,-0.002429017,-0.0381913,-0.018024646,-0.07180113
11/1/1960,55.540001,0.040269752,-0.024929741,-0.005194358,-0.04701438
12/1/1960,58.110001,0.046272956,0.085762351,0.020906589,-0.029721123
1/1/1961,61.779999,0.063156048,0.157145536,0.112952643,0.11095123
2/1/1961,63.439999,0.026869538,0.142239789,0.113764047,0.130434785
3/1/1961,65.059998,0.025535924,0.119600704,0.215620291,0.175641453
4/1/1961,65.309998,0.003842607,0.057138217,0.223262769,0.20121389
5/1/1961,66.559998,0.019139489,0.049180313,0.198415499,0.1921905
6/1/1961,64.639999,-0.02884614,-0.006455564,0.112373049,0.135628975
7/1/1961,66.760002,0.032797077,0.022201869,0.080608661,0.202666266
8/1/1961,68.07,0.019622498,0.022686329,0.072982362,0.195049178
9/1/1961,66.730003,-0.019685574,0.032332983,0.025668691,0.246823673
10/1/1961,68.620003,0.028323092,0.027861009,0.050681444,0.285259492
11/1/1961,71.32,0.039347084,0.047744968,0.071514455,0.28411953
12/1/1961,71.550003,0.003224944,0.072231377,0.106899816,0.231285523
1/1/1962,68.839996,-0.037875708,0.00320596,0.03115629,0.114276418
2/1/1962,69.959999,0.016269655,-0.019068999,0.027765521,0.102774277
3/1/1962,69.550003,-0.005860435,-0.02795248,0.042259851,0.069013298
4/1/1962,65.239998,-0.061969875,-0.052295151,-0.049256847,-0.001071811
5/1/1962,59.630001,-0.085990147,-0.147655777,-0.163909128,-0.104116545
6/1/1962,54.75,-0.081838016,-0.212796583,-0.234800871,-0.153001225
7/1/1962,58.23,0.063561644,-0.10744939,-0.154125459,-0.127771147
8/1/1962,59.119999,0.015284201,-0.008552775,-0.154945685,-0.131482312
9/1/1962,56.27,-0.04820702,0.027762557,-0.190941803,-0.156751124
10/1/1962,56.52,0.004442865,-0.029366306,-0.133660305,-0.176333466
11/1/1962,62.259998,0.101556936,0.053112298,0.044105265,-0.127033118
12/1/1962,63.099998,0.013491809,0.12137903,0.152511379,-0.118099296
1/1/1963,66.199997,0.049128353,0.171266755,0.136870977,-0.038349784
2/1/1963,64.290001,-0.028851905,0.032605253,0.087449291,-0.081046285
3/1/1963,66.57,0.035464286,0.05499211,0.183046028,-0.042846914
4/1/1963,69.800003,0.0485204,0.054380758,0.234961129,0.069895848
5/1/1963,70.800003,0.014326647,0.101259946,0.137166805,0.187321848
6/1/1963,69.370003,-0.020197739,0.042061033,0.099366168,0.267032018
7/1/1963,69.129997,-0.003459795,-0.009598939,0.044259821,0.187188683
8/1/1963,72.5,0.04874878,0.024011256,0.12770258,0.226319371
9/1/1963,71.699997,-0.011034524,0.033587918,0.077061694,0.27421356
10/1/1963,74.010002,0.032217644,0.070591714,0.060315169,0.309448018
11/1/1963,73.230003,-0.010539103,0.010069007,0.034322032,0.176196681
12/1/1963,75.019997,0.024443451,0.046304047,0.081447222,0.188906488
1/1/1964,77.040001,0.026926207,0.040940399,0.114422166,0.163746291
2/1/1964,77.800003,0.009865031,0.062406115,0.07310349,0.210141574
3/1/1964,78.980003,0.015167095,0.052786006,0.101534258,0.186420355
4/1/1964,79.459999,0.006077437,0.031412227,0.073638655,0.138395352
5/1/1964,80.370003,0.011452354,0.033033418,0.09750102,0.135169486
6/1/1964,81.690002,0.016424026,0.03431247,0.088909694,0.177598363
7/1/1964,83.18,0.018239662,0.046816021,0.079698844,0.203240324
8/1/1964,81.830002,-0.016229839,0.018165969,0.051799471,0.128689683
9/1/1964,84.18,0.028718049,0.030481062,0.065839413,0.174058627
10/1/1964,84.860001,0.00807794,0.020197175,0.067958747,0.146601793
11/1/1964,84.419998,-0.005185046,0.031650934,0.050391873,0.152806152
12/1/1964,84.75,0.00390905,0.006771205,0.03745866,0.129698792
1/1/1965,87.559998,0.033156319,0.031817075,0.052656865,0.1365524
2/1/1965,87.43,-0.001484673,0.035655083,0.068434533,0.123778877
3/1/1965,86.160004,-0.014525861,0.016637215,0.023521074,0.0909091
4/1/1965,89.110001,0.034238589,0.017702182,0.050082488,0.121444779
5/1/1965,88.419998,-0.007743272,0.011323322,0.047382138,0.100161686
6/1/1965,84.120003,-0.048631476,-0.023676891,-0.007433593,0.029746615
7/1/1965,85.25,0.013433155,-0.043317259,-0.026381887,0.02488579
8/1/1965,87.169998,0.022521971,-0.014137073,-0.00297383,0.06525719
9/1/1965,89.959999,0.032006436,0.069424581,0.044103932,0.068662378
10/1/1965,92.419998,0.027345476,0.084105548,0.037145067,0.089087873
11/1/1965,91.610001,-0.008764304,0.05093499,0.036077845,0.085169429
12/1/1965,92.43,0.008950977,0.027456659,0.098787407,0.090619469
1/1/1966,92.879997,0.004868517,0.004977267,0.089501431,0.060758327
2/1/1966,91.220001,-0.017872481,-0.004257177,0.046460974,0.043348976
3/1/1966,89.230003,-0.021815369,-0.034620762,-0.008114673,0.03563137
4/1/1966,91.059998,0.020508741,-0.019595166,-0.01471543,0.021883032
5/1/1966,86.129997,-0.05414014,-0.05579921,-0.05981884,-0.02589913
6/1/1966,84.739998,-0.016138384,-0.050319454,-0.083198117,0.007370364
7/1/1966,83.599998,-0.013452915,-0.081924008,-0.09991386,-0.019354862
8/1/1966,77.099998,-0.077751198,-0.104841511,-0.154790647,-0.115521398
9/1/1966,76.559998,-0.007003891,-0.096530566,-0.141992655,-0.148955104
10/1/1966,80.199997,0.047544398,-0.040669869,-0.119262039,-0.132222476
11/1/1966,80.449997,0.003117207,0.043450053,-0.065946827,-0.121820804
12/1/1966,80.330002,-0.001491548,0.049242478,-0.052041493,-0.130909856
1/1/1967,86.610001,0.078177503,0.07992524,0.036004821,-0.067506419
2/1/1967,86.779999,0.001962799,0.078682439,0.125551248,-0.048673558
3/1/1967,90.199997,0.03940998,0.122868104,0.178160911,0.010870716
4/1/1967,94.010002,0.042239525,0.085440491,0.172194583,0.032396267
5/1/1967,89.080002,-0.052441229,0.026503838,0.107271663,0.034250611
6/1/1967,90.639999,0.017512314,0.004878071,0.128345534,0.069624748
7/1/1967,94.75,0.04534423,0.007871482,0.093984516,0.133373233
8/1/1967,93.639999,-0.01171505,0.051189907,0.079050473,0.214526607
9/1/1967,96.709999,0.032785135,0.066968227,0.072172974,0.263192287
10/1/1967,93.300003,-0.035260015,-0.015303398,-0.007552377,0.163341727
11/1/1967,94,0.007502647,0.003844522,0.055231229,0.168427638
12/1/1967,96.470001,0.026276606,-0.002481626,0.064320411,0.200921183
1/1/1968,92.239998,-0.043847859,-0.011361254,-0.026490786,0.065004006
2/1/1968,89.360001,-0.031222865,-0.049361691,-0.045706942,0.029730376
3/1/1968,90.199997,0.009400134,-0.06499434,-0.067314673,0
4/1/1968,97.459999,0.08048783,0.056591513,0.044587308,0.036698191
5/1/1968,98.68,0.012517966,0.104297212,0.049787234,0.107768273
6/1/1968,99.580002,0.009120409,0.10399119,0.032238011,0.098631985
7/1/1968,97.739998,-0.018477646,0.002872963,0.059627061,0.031556707
8/1/1968,98.860001,0.011459004,0.001824088,0.106311548,0.05574543
9/1/1968,102.669998,0.038539318,0.031030287,0.138248353,0.061627537
10/1/1968,103.410004,0.007207617,0.058011112,0.061050739,0.108360136
11/1/1968,108.370003,0.047964402,0.096196661,0.09819622,0.152872372
12/1/1968,103.860001,-0.041616701,0.011590562,0.042980507,0.076604125
1/1/1969,103.010002,-0.008184084,-0.003868117,0.053918601,0.11676067
2/1/1969,98.129997,-0.047374089,-0.094491148,-0.00738422,0.0981423
3/1/1969,101.510002,0.034444157,-0.022626603,-0.011298296,0.125388086
4/1/1969,103.690002,0.021475716,0.006601301,0.002707649,0.063923692
5/1/1969,103.459999,-0.002218179,0.054315726,-0.045307778,0.04843939
6/1/1969,97.709999,-0.055577035,-0.037434764,-0.059214346,-0.018778901
7/1/1969,91.830002,-0.060178048,-0.114379398,-0.10853315,-0.060466504
8/1/1969,95.510002,0.040074049,-0.076841263,-0.026699226,-0.033886293
9/1/1969,93.120003,-0.025023547,-0.046975704,-0.082651944,-0.093016414
10/1/1969,97.120003,0.042955325,0.057606456,-0.063361933,-0.060825846
11/1/1969,93.809998,-0.034081599,-0.017799225,-0.093272773,-0.134354569
12/1/1969,92.059998,-0.018654728,-0.011383215,-0.057824184,-0.113614509
1/1/1970,85.019997,-0.076471879,-0.124588196,-0.074158824,-0.174643284
2/1/1970,89.5,0.052693521,-0.045943909,-0.062925368,-0.087944535
3/1/1970,89.629997,0.00145248,-0.02639584,-0.037478586,-0.117032852
4/1/1970,81.519997,-0.0904831,-0.041166786,-0.160626086,-0.21381044
5/1/1970,76.550003,-0.060966563,-0.144692704,-0.183988864,-0.260100486
6/1/1970,72.720001,-0.050032683,-0.188664471,-0.210080354,-0.255756814
7/1/1970,78.050003,0.073294856,-0.042566169,-0.081980643,-0.150059879
8/1/1970,81.519997,0.044458602,0.064924805,-0.089162045,-0.146476858
9/1/1970,84.300003,0.034102136,0.159240949,-0.059466631,-0.094716492
10/1/1970,83.25,-0.012455551,0.066623918,0.021221824,-0.142813041
11/1/1970,87.199997,0.047447411,0.069676156,0.139124671,-0.070461583
12/1/1970,92.150002,0.056766114,0.093119795,0.267189229,0.000977667
1/1/1971,95.879997,0.040477427,0.151711676,0.22844322,0.127734655
2/1/1971,96.75,0.009073874,0.109518387,0.186825363,0.081005587
3/1/1971,100.309998,0.036795845,0.08855123,0.189916897,0.119156548
4/1/1971,103.949997,0.036287499,0.084167712,0.248648613,0.275147213
5/1/1971,99.629997,-0.041558443,0.029767411,0.142545876,0.301502196
6/1/1971,98.699997,-0.009334538,-0.016050255,0.071079705,0.357260666
7/1/1971,95.580002,-0.031610893,-0.080519435,-0.003128859,0.224599594
8/1/1971,99.029999,0.036095385,-0.006022263,0.023565881,0.214793948
9/1/1971,98.339996,-0.006967616,-0.003647427,-0.019639139,0.166547954
10/1/1971,94.230003,-0.041793707,-0.014124283,-0.093506438,0.131891928
11/1/1971,93.989998,-0.002547013,-0.050893679,-0.056609447,0.077866987
12/1/1971,102.089996,0.086179361,0.038133009,0.034346495,0.10786754
1/1/1972,103.940002,0.018121325,0.103045725,0.087465995,0.084063467
2/1/1972,106.57,0.02530304,0.13384405,0.076138555,0.101498708
3/1/1972,107.199997,0.005911579,0.050053886,0.090095601,0.068687061
4/1/1972,107.669998,0.004384338,0.035886049,0.142629678,0.035786446
5/1/1972,109.529999,0.017275017,0.027775162,0.165336752,0.099367683
6/1/1972,107.139999,-0.021820506,-0.000559683,0.049466189,0.085511674
7/1/1972,107.389999,0.002333396,-0.002600529,0.033192197,0.123561381
8/1/1972,111.089996,0.034453832,0.014242646,0.0424134,0.121781249
9/1/1972,110.550003,-0.004860861,0.031827553,0.031250057,0.12416115
10/1/1972,111.580002,0.009317042,0.039016697,0.036314703,0.184123936
11/1/1972,116.669998,0.045617458,0.050229563,0.065187611,0.241302271
12/1/1972,118.050003,0.011828277,0.067842603,0.10182942,0.156332722
1/1/1973,116.029999,-0.017111427,0.039881672,0.080454419,0.116317075
2/1/1973,111.68,-0.037490296,-0.04277019,0.005311045,0.047949704
3/1/1973,111.519997,-0.001432692,-0.055315594,0.008774256,0.040298509
4/1/1973,106.970001,-0.040799822,-0.078083238,-0.041315656,-0.006501319
5/1/1973,104.949997,-0.018883836,-0.060261488,-0.100454283,-0.041815046
6/1/1973,104.260002,-0.006574512,-0.065100387,-0.116814914,-0.026880689
7/1/1973,108.220001,0.037981958,0.011685519,-0.067310162,0.007728858
8/1/1973,104.25,-0.03668454,-0.006669814,-0.06652937,-0.061571665
9/1/1973,108.43,0.040095923,0.039996143,-0.027708008,-0.01917687
10/1/1973,108.290001,-0.001291146,0.000646831,0.012339908,-0.029485579
11/1/1973,95.959999,-0.113860946,-0.079520393,-0.085659821,-0.177509208
12/1/1973,97.550003,0.016569446,-0.100341206,-0.064358324,-0.173655226
1/1/1974,96.57,-0.010046161,-0.108227915,-0.107651089,-0.167715239
2/1/1974,96.220001,-0.003624304,0.002709483,-0.077026369,-0.138431223
3/1/1974,93.980003,-0.023279962,-0.036596616,-0.133265674,-0.157281156
4/1/1974,90.309998,-0.039050914,-0.064823465,-0.166035671,-0.155744628
5/1/1974,87.279999,-0.033551091,-0.092912096,-0.090454357,-0.168365874
6/1/1974,86,-0.014665433,-0.084911713,-0.118400847,-0.175139091
7/1/1974,79.309998,-0.077790721,-0.121802682,-0.178730475,-0.267141034
8/1/1974,72.150002,-0.090278605,-0.173350105,-0.25015588,-0.30791365
9/1/1974,63.540001,-0.11933473,-0.261162779,-0.323898713,-0.413999806
10/1/1974,73.900002,0.163046913,-0.068213291,-0.181707412,-0.317573171
11/1/1974,69.970001,-0.053179985,-0.030214843,-0.198327202,-0.270841999
12/1/1974,68.559998,-0.020151536,0.079005303,-0.202790721,-0.297180975
1/1/1975,76.980003,0.122812212,0.041677956,-0.029378326,-0.202857999
2/1/1975,81.589996,0.059885591,0.1660711,0.130838444,-0.152047442
3/1/1975,83.360001,0.021693897,0.215869362,0.311929488,-0.113002784
4/1/1975,87.300003,0.047264899,0.13406079,0.181326125,-0.033329588
5/1/1975,91.150002,0.044100789,0.117171301,0.302701168,0.04434009
6/1/1975,95.190002,0.044322544,0.141914598,0.388418973,0.106860488
7/1/1975,88.75,-0.067654185,0.016609358,0.152896811,0.119026633
8/1/1975,86.879997,-0.021070456,-0.046845912,0.064836392,0.204157929
9/1/1975,83.870003,-0.03464542,-0.118920042,0.006118066,0.31995596
10/1/1975,89.040001,0.061642993,0.003267617,0.019931248,0.204871429
11/1/1975,91.239998,0.024707962,0.050184175,0.00098734,0.303987376
12/1/1975,90.190002,-0.011508067,0.075354701,-0.052526525,0.315490149
1/1/1976,100.860001,0.118305785,0.132749325,0.136450715,0.310210406
2/1/1976,99.709999,-0.011401963,0.092832104,0.147674982,0.222086088
3/1/1976,102.769997,0.030688978,0.139483254,0.225348674,0.232845439
4/1/1976,101.639999,-0.010995408,0.007733472,0.14150941,0.164261117
5/1/1976,100.18,-0.014364414,0.00471368,0.097983365,0.099067447
6/1/1976,104.279999,0.040926323,0.014693024,0.156225709,0.095493191
7/1/1976,103.440002,-0.008055207,0.017709593,0.025580022,0.165521149
8/1/1976,102.910004,-0.005123724,0.027250988,0.03209312,0.184507453
9/1/1976,105.239998,0.022641084,0.009205974,0.024034262,0.254799025
10/1/1976,102.900002,-0.022234854,-0.005220418,0.012396724,0.155660387
11/1/1976,102.099998,-0.007774577,-0.007871013,0.019165482,0.119026745
12/1/1976,107.459999,0.052497562,0.021094651,0.030494822,0.191484606
1/1/1977,102.029999,-0.05053043,-0.008454839,-0.013631119,0.011600218
2/1/1977,99.82,-0.021660286,-0.022331029,-0.030026274,0.001103209
3/1/1977,98.419998,-0.014025265,-0.084124335,-0.064804258,-0.042327519
4/1/1977,98.440002,0.000203251,-0.035185701,-0.043343051,-0.031483639
5/1/1977,96.120003,-0.023567645,-0.03706669,-0.058569982,-0.040527021
6/1/1977,100.480003,0.045359965,0.020930756,-0.064954365,-0.036440315
7/1/1977,98.849998,-0.016222183,0.004164933,-0.031167314,-0.044373588
8/1/1977,96.769997,-0.021041993,0.006762318,-0.030555029,-0.05966385
9/1/1977,96.529999,-0.002480087,-0.039311344,-0.019203404,-0.0827632
10/1/1977,92.339996,-0.043406226,-0.065857381,-0.06196674,-0.102623963
11/1/1977,94.830002,0.026965628,-0.020047484,-0.013420734,-0.071204663
12/1/1977,95.099998,0.002847158,-0.014814058,-0.053543042,-0.115019553
1/1/1978,89.25,-0.061514176,-0.033463246,-0.097116825,-0.125257269
2/1/1978,87.040001,-0.024761894,-0.082147009,-0.100547652,-0.128030445
3/1/1978,89.209999,0.024931043,-0.061934796,-0.075831349,-0.093578533
4/1/1978,96.830002,0.085416468,0.084929994,0.048624715,-0.01635514
5/1/1978,97.239998,0.004234184,0.117187464,0.025413856,0.011652049
6/1/1978,95.529999,-0.017585346,0.070844077,0.004521567,-0.049263573
7/1/1978,100.68,0.053909778,0.039760383,0.128067227,0.018512919
8/1/1978,103.290001,0.025923729,0.062217227,0.18669577,0.067376296
9/1/1978,102.540001,-0.007261109,0.073380112,0.149422735,0.062260459
10/1/1978,93.150002,-0.091574009,-0.074791398,-0.03800475,0.008771995
11/1/1978,94.699997,0.016639774,-0.083163945,-0.026120949,-0.001370927
12/1/1978,96.110001,0.014889166,-0.062707236,0.006071412,0.010620431
1/1/1979,99.93,0.039746113,0.072785806,-0.007449344,0.119663866
2/1/1979,96.279999,-0.036525578,0.016684288,-0.067867189,0.106158064
3/1/1979,101.589996,0.05515161,0.057017948,-0.009264726,0.138773648
4/1/1979,101.760002,0.001673452,0.018312839,0.09243156,0.050913972
5/1/1979,99.080002,-0.026336477,0.029081876,0.046251374,0.018922296
6/1/1979,102.910004,0.038655651,0.012993484,0.070752294,0.077253272
7/1/1979,103.809998,0.008745447,0.020145401,0.038827159,0.031088578
8/1/1979,109.32,0.053077758,0.103350805,0.135438317,0.05837931
9/1/1979,109.32,0,0.062287394,0.076090209,0.066120528
10/1/1979,101.82,-0.068605928,-0.019169618,0.000589603,0.093075661
11/1/1979,106.160004,0.042624278,-0.028905928,0.071457427,0.121013805
12/1/1979,107.940002,0.016767124,-0.012623472,0.048877639,0.123088137
1/1/1980,114.160004,0.057624624,0.121194304,0.099701437,0.14239972
2/1/1980,113.660004,-0.004379818,0.070648076,0.0397,0.180515218
3/1/1980,102.089996,-0.101794893,-0.054196831,-0.066136151,0.004921744
4/1/1980,106.290001,0.041140221,-0.068938356,0.043901012,0.044516499
5/1/1980,111.239998,0.046570674,-0.021291623,0.04785224,0.122729065
6/1/1980,114.239998,0.026968717,0.11901266,0.058365721,0.110096138
7/1/1980,121.669998,0.065038517,0.144698437,0.065784808,0.172045086
8/1/1980,122.379997,0.005835448,0.100143826,0.076719978,0.119465761
9/1/1980,125.459999,0.025167528,0.098214296,0.228915701,0.147639947
10/1/1980,127.470001,0.016021059,0.047669952,0.199266157,0.251915154
11/1/1980,140.520004,0.102377053,0.148226895,0.26321473,0.323662384
12/1/1980,135.759995,-0.033874245,0.082097849,0.188375327,0.25773571
1/1/1981,129.550003,-0.045742429,0.01631758,0.064765391,0.134810778
2/1/1981,131.270004,0.013276735,-0.065826927,0.072642648,0.154935768
3/1/1981,136,0.036032573,0.001767862,0.084010849,0.332157952
4/1/1981,132.809998,-0.023455897,0.02516399,0.041892186,0.249506038
5/1/1981,132.589996,-0.001656517,0.010055549,-0.056433303,0.19192735
6/1/1981,131.210007,-0.010407942,-0.035220537,-0.033514939,0.148547
7/1/1981,130.919998,-0.002210266,-0.014230856,0.010575029,0.076025316
8/1/1981,122.790001,-0.06209897,-0.073912024,-0.064599701,0.003350253
9/1/1981,116.18,-0.053831753,-0.114549243,-0.145735294,-0.073967791
10/1/1981,121.889999,0.049147865,-0.068973412,-0.082222718,-0.043775021
11/1/1981,126.349998,0.03659036,0.028992564,-0.047062359,-0.100839778
12/1/1981,122.550003,-0.030075149,0.05482874,-0.066001094,-0.097304011
1/1/1982,120.400002,-0.017543867,-0.012224112,-0.080354386,-0.070629107
2/1/1982,113.110001,-0.06054818,-0.104788264,-0.078833781,-0.138340843
3/1/1982,111.959999,-0.010167112,-0.086413739,-0.036322956,-0.176764713
4/1/1982,116.440002,0.040014318,-0.032890365,-0.044712421,-0.123258762
5/1/1982,111.879997,-0.039161842,-0.010874405,-0.11452316,-0.156195789
6/1/1982,109.610001,-0.020289561,-0.020989621,-0.105589569,-0.164621636
7/1/1982,107.089996,-0.022990648,-0.080298917,-0.110548221,-0.182019572
8/1/1982,119.510002,0.115977276,0.068198116,0.056582097,-0.026712265
9/1/1982,120.419998,0.007614392,0.09862236,0.075562693,0.036495077
10/1/1982,133.720001,0.110446796,0.2486694,0.1484026,0.097054739
11/1/1982,138.529999,0.03597067,0.159149834,0.238201669,0.096398901
12/1/1982,140.639999,0.015231358,0.167912318,0.283094587,0.147613183
1/1/1983,145.300003,0.033134272,0.086598878,0.356802768,0.206810636
2/1/1983,148.059998,0.018995148,0.068793756,0.238892105,0.308991218
3/1/1983,152.960007,0.033094753,0.087599602,0.270220973,0.36620229
4/1/1983,164.429993,0.07498683,0.131658566,0.229658927,0.412143509
5/1/1983,162.389999,-0.012406459,0.096785095,0.172237062,0.451465886
6/1/1983,167.639999,0.032329577,0.095972747,0.191979524,0.529422475
7/1/1983,162.559998,-0.030303036,-0.011372591,0.118788676,0.517975573
8/1/1983,164.399994,0.011318873,0.012377579,0.110360639,0.37561703
9/1/1983,166.070007,0.01015823,-0.009365259,0.085708678,0.379089933
10/1/1983,163.550003,-0.015174348,0.00609009,-0.005351761,0.223078087
11/1/1983,166.399994,0.017425808,0.012165451,0.024693608,0.201183824
12/1/1983,164.929993,-0.008834141,-0.006864659,-0.016165629,0.172710425
1/1/1984,163.410004,-0.009215965,-0.000856001,0.005228876,0.124638683
2/1/1984,157.059998,-0.038859347,-0.056129786,-0.044647179,0.060786169
3/1/1984,159.179993,0.013497995,-0.034863277,-0.041488611,0.040664133
4/1/1984,160.050003,0.005465574,-0.020561783,-0.021400183,-0.026637415
5/1/1984,150.550003,-0.05935645,-0.041449096,-0.095252353,-0.072910869
6/1/1984,153.179993,0.017469213,-0.037693179,-0.071242348,-0.0862563
7/1/1984,150.660004,-0.016451163,-0.058669159,-0.078024599,-0.073203704
8/1/1984,166.679993,0.106332063,0.107140416,0.061250446,0.013868608
9/1/1984,166.100006,-0.003479644,0.084345304,0.043472882,0.000180641
10/1/1984,166.089996,-6.02649E-05,0.10241598,0.037738162,0.015530376
11/1/1984,163.580002,-0.015112253,-0.018598459,0.086549311,-0.016947068
12/1/1984,167.240005,0.022374391,0.006863329,0.091787522,0.014006015
1/1/1985,179.630005,0.074085145,0.081522123,0.192287271,0.099259535
2/1/1985,181.179993,0.008628781,0.107592559,0.086993044,0.153571853
3/1/1985,180.660004,-0.002870013,0.080243952,0.087658022,0.134941651
4/1/1985,179.830002,-0.004594276,0.001113383,0.082726271,0.123586371
5/1/1985,189.550003,0.054051053,0.046197209,0.158760244,0.259050144
6/1/1985,191.850006,0.012134017,0.061939565,0.147153793,0.252448197
7/1/1985,190.919998,-0.004847579,0.061669331,0.062851376,0.267224167
8/1/1985,188.630005,-0.011994516,-0.00485359,0.041119397,0.131689542
9/1/1985,182.080002,-0.034724078,-0.050925221,0.007860057,0.096207077
10/1/1985,189.820007,0.042508814,-0.005761528,0.055552493,0.142874415
11/1/1985,202.169998,0.065061588,0.071780696,0.066578712,0.235909008
12/1/1985,211.279999,0.045061093,0.16036905,0.101277,0.263334087
1/1/1986,211.779999,0.002366528,0.115688501,0.10926043,0.178978974
2/1/1986,226.919998,0.071489277,0.122421726,0.202989938,0.252456158
3/1/1986,238.899994,0.052793919,0.130726974,0.312060585,0.322373457
4/1/1986,235.520004,-0.014148138,0.112097484,0.240754374,0.309681373
5/1/1986,247.350006,0.050229288,0.090031765,0.223475335,0.304932746
6/1/1986,250.839996,0.014109521,0.04997908,0.187239669,0.30747974
7/1/1986,236.119995,-0.058682831,0.002547516,0.11493057,0.236748363
8/1/1986,252.929993,0.071192607,0.022559074,0.114621872,0.340878897
9/1/1986,231.320007,-0.085438606,-0.077818487,-0.031728703,0.270430604
10/1/1986,243.979996,0.05472933,0.033288164,0.035920482,0.285322869
11/1/1986,249.220001,0.021477191,-0.014668059,0.007560117,0.232724952
12/1/1986,242.169998,-0.028288271,0.04690468,-0.034563858,0.146204085
1/1/1987,274.079987,0.131766896,0.123370733,0.160765682,0.294173143
2/1/1987,284.200012,0.036923619,0.14035796,0.123631123,0.252423826
3/1/1987,291.700012,0.026389865,0.204525806,0.261023704,0.221013057
4/1/1987,288.359985,-0.011450212,0.052101571,0.181900114,0.224354535
5/1/1987,290.100006,0.006034197,0.020760006,0.164031799,0.172832015
6/1/1987,304,0.047914491,0.042166567,0.255316524,0.211927942
7/1/1987,318.660004,0.048223697,0.105077058,0.16265331,0.349568062
8/1/1987,329.799988,0.03495884,0.136849297,0.160450296,0.303918069
9/1/1987,321.829987,-0.024166165,0.058651273,0.103290962,0.391276056
10/1/1987,251.789993,-0.217630416,-0.209847518,-0.12682062,0.032010809
11/1/1987,230.300003,-0.085348865,-0.301697964,-0.206135821,-0.075916852
12/1/1987,247.080002,0.07286148,-0.232265445,-0.187236836,0.02027503
1/1/1988,257.070007,0.040432269,0.020969912,-0.19327809,-0.062062102
2/1/1988,267.820007,0.041817403,0.162917948,-0.187932029,-0.057635483
3/1/1988,258.890015,-0.03334326,0.047798336,-0.19556901,-0.112478559
4/1/1988,261.329987,0.009424744,0.016571284,0.037888694,-0.093736993
5/1/1988,262.160004,0.003176126,-0.021133608,0.138341297,-0.096311622
6/1/1988,273.5,0.043256011,0.056433173,0.106928921,-0.100328947
7/1/1988,272.019989,-0.005411375,0.040906144,0.058155295,-0.14636294
8/1/1988,261.519989,-0.038600104,-0.002441314,-0.023523328,-0.207034571
9/1/1988,271.910004,0.039729334,-0.005813514,0.050291584,-0.155112901
10/1/1988,278.970001,0.025964462,0.025549637,0.067500918,0.107947134
11/1/1988,273.700012,-0.018890881,0.046573966,0.04401895,0.188449885
12/1/1988,277.720001,0.014687573,0.021367353,0.01542962,0.124008413
1/1/1989,297.470001,0.071114792,0.066315374,0.093559345,0.157155611
2/1/1989,288.859985,-0.028944149,0.055389011,0.104542663,0.078560143
3/1/1989,294.869995,0.020805962,0.061752823,0.08443967,0.138977859
4/1/1989,309.640015,0.050089939,0.040911735,0.109940187,0.184862168
5/1/1989,320.519989,0.035137493,0.109603288,0.171063116,0.222612085
6/1/1989,317.980011,-0.007924554,0.078373576,0.144966188,0.162632581
7/1/1989,346.079987,0.088370259,0.117684957,0.163411389,0.272259396
8/1/1989,351.450012,0.015516716,0.096499513,0.216679465,0.343874376
9/1/1989,349.149994,-0.006544367,0.098024976,0.18408112,0.284064539
10/1/1989,340.359985,-0.025175452,-0.016527977,0.099211886,0.220059446
11/1/1989,345.98999,0.016541325,-0.0155357,0.079464626,0.264121209
12/1/1989,353.399994,0.021416816,0.012172419,0.111390596,0.272504655
1/1/1990,329.079987,-0.068817225,-0.033141375,-0.049121592,0.106262769
2/1/1990,331.890015,0.008539043,-0.040752552,-0.055655133,0.148965008
3/1/1990,339.940002,0.024254984,-0.038087131,-0.026378325,0.152847044
4/1/1990,330.799988,-0.026887139,0.005226696,-0.028087899,0.068337334
5/1/1990,361.230011,0.09198919,0.088402768,0.044047578,0.127012428
6/1/1990,358.019989,-0.008886366,0.053185818,0.013072991,0.125919796
7/1/1990,356.149994,-0.005223158,0.076632427,0.082259657,0.02909734
8/1/1990,322.559998,-0.094314184,-0.107050942,-0.028111774,-0.082202342
9/1/1990,306.049988,-0.051184307,-0.145159496,-0.099694104,-0.123442666
10/1/1990,304,-0.006698213,-0.146427053,-0.081015686,-0.106828025
11/1/1990,322.220001,0.059934214,-0.001054058,-0.107992162,-0.068701378
12/1/1990,330.220001,0.024827757,0.078974069,-0.077649262,-0.065591379
1/1/1991,343.929993,0.041517752,0.131348661,-0.034311389,0.045125825
2/1/1991,367.070007,0.067281175,0.139190633,0.13798986,0.105998947
3/1/1991,375.220001,0.022202833,0.136272787,0.226008873,0.103783017
4/1/1991,375.339996,0.000319799,0.091326734,0.234671039,0.134643318
5/1/1991,389.829987,0.038604975,0.062004467,0.209825541,0.079173865
6/1/1991,371.160004,-0.047892629,-0.010820311,0.123977963,0.036701903
7/1/1991,387.809998,0.044859343,0.033223217,0.127584119,0.088895141
8/1/1991,395.429993,0.019648784,0.014365252,0.077260428,0.225911444
9/1/1991,387.859985,-0.019143738,0.044994021,0.033686861,0.267309264
10/1/1991,392.450012,0.011834237,0.011964658,0.045585379,0.290953987
11/1/1991,375.220001,-0.043903709,-0.0511089,-0.03747784,0.164483892
12/1/1991,417.089996,0.111587855,0.075362275,0.123747148,0.26306703
1/1/1992,408.779999,-0.01992375,0.041610362,0.054072874,0.188555832
2/1/1992,412.700012,0.009589542,0.099888095,0.043674024,0.124308726
3/1/1992,403.690002,-0.021831863,-0.032127345,0.040813741,0.075875489
4/1/1992,414.950012,0.027892715,0.015093725,0.057332142,0.105531029
5/1/1992,415.350006,0.000963957,0.006421114,0.106950602,0.065464484
6/1/1992,408.140015,-0.017358832,0.011023342,-0.021458153,0.09963361
7/1/1992,424.209991,0.039373684,0.02231589,0.037746446,0.093860378
8/1/1992,414.029999,-0.02399753,-0.003178059,0.003222648,0.047037418
9/1/1992,417.799988,0.009105594,0.023668282,0.034952528,0.077192812
10/1/1992,418.679993,0.002106283,-0.013035992,0.008988989,0.066836489
11/1/1992,431.350006,0.030261807,0.041832734,0.038521728,0.149592252
12/1/1992,435.709991,0.010107766,0.042867409,0.067550289,0.044642632
1/1/1993,438.779999,0.007045989,0.04800804,0.034346216,0.073389109
2/1/1993,443.380005,0.010483627,0.027889182,0.070888598,0.074339695
3/1/1993,451.670013,0.018697298,0.03662992,0.081067559,0.118853602
4/1/1993,440.190002,-0.02541681,0.003213462,0.051375775,0.06082658
5/1/1993,450.190002,0.022717463,0.015359279,0.043676819,0.083881053
6/1/1993,450.529999,0.00075523,-0.002523998,0.034013468,0.103861377
7/1/1993,448.130005,-0.005327046,0.018037672,0.021309098,0.056387201
8/1/1993,463.559998,0.034431957,0.029698563,0.04551399,0.11962901
9/1/1993,458.929993,-0.00998793,0.018644694,0.016073637,0.098444246
10/1/1993,467.829987,0.019392923,0.043960417,0.062791033,0.117392746
11/1/1993,461.790009,-0.012910626,-0.003818252,0.025766914,0.070569149
12/1/1993,466.450012,0.010091173,0.016385983,0.035336189,0.070551563
1/1/1994,481.609985,0.032500745,0.029455141,0.074710418,0.097611528
2/1/1994,467.140015,-0.030044996,0.011585365,0.007722877,0.053588366
3/1/1994,445.769989,-0.045746511,-0.044334918,-0.028675406,-0.013062687
4/1/1994,450.910004,0.011530644,-0.063744486,-0.036166948,0.024353125
5/1/1994,456.5,0.012397143,-0.022776929,-0.011455443,0.0140163
6/1/1994,444.269989,-0.026790824,-0.003364964,-0.047550697,-0.013894768
7/1/1994,458.26001,0.031489908,0.016300384,-0.048483162,0.022605059
8/1/1994,475.48999,0.037598699,0.041599102,0.017874673,0.025735594
9/1/1994,462.709991,-0.026877535,0.041506297,0.038001665,0.008236546
10/1/1994,472.350006,0.020833816,0.030746728,0.047548295,0.00966167
11/1/1994,453.690002,-0.039504613,-0.045847417,-0.006155527,-0.017540455
12/1/1994,459.269989,0.012299118,-0.007434467,0.033763253,-0.01539291
1/1/1995,470.420013,0.024277711,-0.004085938,0.026535161,-0.02323451
2/1/1995,487.390015,0.03607415,0.074279823,0.025026868,0.043348888
3/1/1995,500.709991,0.027329193,0.090230154,0.082124875,0.123247422
4/1/1995,514.710022,0.027960359,0.094149925,0.089679296,0.141491689
5/1/1995,533.400024,0.036311712,0.094400803,0.175692701,0.168455693
6/1/1995,544.75,0.021278544,0.087955123,0.186121482,0.226168802
7/1/1995,562.059998,0.03177604,0.091993499,0.194804605,0.226508938
8/1/1995,561.880005,-0.000320238,0.053393288,0.152834461,0.181686296
9/1/1995,584.409973,0.040097472,0.072803989,0.167162596,0.263015678
10/1/1995,581.5,-0.004979335,0.034587058,0.129762342,0.231078634
11/1/1995,605.369995,0.041049003,0.07740085,0.134926824,0.334325183
12/1/1995,615.929993,0.017443874,0.053934774,0.13066543,0.341106556
1/1/1996,636.02002,0.032617387,0.093757558,0.131587415,0.352025854
2/1/1996,640.429993,0.006933702,0.057914991,0.139798511,0.313999001
3/1/1996,645.5,0.007916567,0.048008714,0.104532828,0.289169403
4/1/1996,654.169983,0.013431422,0.028536779,0.124969876,0.270948602
5/1/1996,669.119995,0.022853406,0.04479803,0.105307499,0.254443129
6/1/1996,670.630005,0.00225671,0.038931069,0.088808814,0.231078486
7/1/1996,639.950012,-0.045748017,-0.021737425,0.006179038,0.138579536
8/1/1996,651.98999,0.018813935,-0.025600797,0.018050368,0.160372293
9/1/1996,687.330017,0.054203328,0.024901976,0.064802505,0.176109322
10/1/1996,705.27002,0.026101003,0.102070485,0.07811431,0.212846122
11/1/1996,757.02002,0.073376152,0.161091476,0.131366609,0.250507997
12/1/1996,740.73999,-0.021505415,0.077706446,0.104543466,0.202636661
1/1/1997,786.159973,0.061317039,0.114693594,0.228470909,0.236061678
2/1/1997,790.820007,0.00592759,0.044648736,0.212932743,0.234826625
3/1/1997,757.119995,-0.04261401,0.022113029,0.1015378,0.172920209
4/1/1997,801.340027,0.058405579,0.019309116,0.136217341,0.224972175
5/1/1997,848.280029,0.058576884,0.072658786,0.120551645,0.267754716
6/1/1997,885.140015,0.043452616,0.169088151,0.194940231,0.319863425
7/1/1997,954.309998,0.07814581,0.190892712,0.213887797,0.491225846
8/1/1997,899.469971,-0.057465632,0.06034557,0.137388992,0.379576351
9/1/1997,947.280029,0.05315359,0.070203598,0.251162346,0.378202618
10/1/1997,914.619995,-0.034477697,-0.041590262,0.141363172,0.296836629
11/1/1997,955.400024,0.044586855,0.062181123,0.126279049,0.262053841
12/1/1997,970.429993,0.015731598,0.024438353,0.096357612,0.310081818
1/1/1998,980.280029,0.010150177,0.071789415,0.027213412,0.246921826
2/1/1998,1049.339966,0.070449193,0.098325246,0.166620343,0.326901136
3/1/1998,1101.75,0.049945714,0.135321464,0.163066851,0.455185449
4/1/1998,1111.75,0.009076469,0.134114709,0.21553214,0.387363619
5/1/1998,1090.819946,-0.018826224,0.039529591,0.141741594,0.285919636
6/1/1998,1133.839966,0.039438241,0.029126359,0.168389244,0.280972441
7/1/1998,1120.670044,-0.011615327,0.008023426,0.143214195,0.174324953
8/1/1998,957.280029,-0.145796719,-0.122421594,-0.087731279,0.064271248
9/1/1998,1017.01001,0.062395516,-0.103039194,-0.076913991,0.073610737
10/1/1998,1098.670044,0.080294228,-0.019631113,-0.011765195,0.201231167
11/1/1998,1163.630005,0.059125996,0.215558635,0.066748008,0.217950571
12/1/1998,1229.22998,0.056375287,0.208670483,0.084130051,0.266685891
1/1/1999,1279.640015,0.041009442,0.164717307,0.14185261,0.305382112
2/1/1999,1238.329956,-0.032282563,0.064195621,0.293592176,0.180103681
3/1/1999,1286.369995,0.038794215,0.046484397,0.264854802,0.167569771
4/1/1999,1335.180054,0.037944028,0.043402862,0.215269372,0.20097149
5/1/1999,1301.839966,-0.024970481,0.051286824,0.118774834,0.193450826
6/1/1999,1372.709961,0.054438331,0.067119076,0.116723464,0.210673466
7/1/1999,1328.719971,-0.032046092,-0.004838361,0.038354502,0.185647799
8/1/1999,1320.410034,-0.006254092,0.014264478,0.066282882,0.379335193
9/1/1999,1282.709961,-0.028551792,-0.065563741,-0.002845242,0.261255984
10/1/1999,1362.930054,0.062539542,0.025746646,0.020783714,0.240527182
11/1/1999,1388.910034,0.019061859,0.051877824,0.066882313,0.193601083
12/1/1999,1469.25,0.057843895,0.145426515,0.070328068,0.195260467
1/1/2000,1394.459961,-0.050903549,0.023133914,0.049476181,0.089728318
2/1/2000,1366.420044,-0.020108083,-0.016192546,0.034845244,0.103437769
3/1/2000,1498.579956,0.096719828,0.019962536,0.168292133,0.164968059
4/1/2000,1452.430054,-0.030795756,0.041571716,0.065667346,0.087815871
5/1/2000,1420.599976,-0.021915051,0.039651008,0.022816411,0.091224738
6/1/2000,1454.599976,0.02393355,-0.02934777,-0.00997109,0.05965573
7/1/2000,1430.829956,-0.016341276,-0.014871696,0.026081778,0.076848386
8/1/2000,1517.680054,0.060699105,0.068337378,0.110698032,0.149400576
9/1/2000,1436.51001,-0.053482975,-0.012436385,-0.041419175,0.119902436
10/1/2000,1429.400024,-0.004949486,-0.000999372,-0.015856206,0.048769906
11/1/2000,1314.949951,-0.08006861,-0.133578947,-0.074370003,-0.053250449
12/1/2000,1320.280029,0.004053446,-0.080911362,-0.092341502,-0.101391847
1/1/2001,1366.01001,0.034636577,-0.044347288,-0.045302341,-0.020402128
2/1/2001,1239.939941,-0.092290736,-0.057044004,-0.183003073,-0.09256312
3/1/2001,1160.329956,-0.064204711,-0.121148597,-0.192257661,-0.225713682
4/1/2001,1249.459961,0.076814362,-0.085321519,-0.125885029,-0.139745176
5/1/2001,1255.819946,0.005090187,0.012807076,-0.044967495,-0.115993265
6/1/2001,1224.380005,-0.025035389,0.055199858,-0.072636124,-0.158270298
7/1/2001,1211.22998,-0.01074015,-0.030597204,-0.113308123,-0.15347734
8/1/2001,1133.579956,-0.064108407,-0.097338787,-0.085778336,-0.25308371
9/1/2001,1040.939941,-0.081723406,-0.149822819,-0.102893159,-0.275368822
10/1/2001,1059.780029,0.018099111,-0.125038146,-0.151809532,-0.258584013
11/1/2001,1139.449951,0.075175904,0.005178281,-0.092664554,-0.133465156
12/1/2001,1148.079956,0.007573834,0.102926222,-0.062317294,-0.130426932
1/1/2002,1130.199951,-0.015573833,0.066447678,-0.066898962,-0.172626889
2/1/2002,1106.72998,-0.020766211,-0.028715584,-0.023686001,-0.107432591
3/1/2002,1147.390015,0.036738894,-0.000600952,0.102263416,-0.011151949
4/1/2002,1076.920044,-0.061417626,-0.047142019,0.016173182,-0.138091593
5/1/2002,1067.140015,-0.009081481,-0.035772018,-0.063460388,-0.150244413
6/1/2002,989.820007,-0.072455354,-0.137329074,-0.137847498,-0.191574509
7/1/2002,911.619995,-0.079004275,-0.153493335,-0.193399368,-0.247360113
8/1/2002,916.070007,0.004881433,-0.141565311,-0.172273252,-0.191878789
9/1/2002,815.280029,-0.110024318,-0.176335068,-0.28944821,-0.216784757
10/1/2002,885.76001,0.086448801,-0.028367066,-0.177506246,-0.164203905
11/1/2002,936.309998,0.057069621,0.022094371,-0.122598736,-0.178278961
12/1/2002,879.820007,-0.060332573,0.079162957,-0.111131316,-0.23365964
1/1/2003,855.700012,-0.027414693,-0.033936955,-0.06134133,-0.242877323
2/1/2003,841.150024,-0.017003609,-0.101632979,-0.081784124,-0.239968159
3/1/2003,848.179993,0.008357569,-0.035961917,0.040354189,-0.260774469
4/1/2003,916.919983,0.081044107,0.07154373,0.035178799,-0.148571904
5/1/2003,963.590027,0.05089871,0.145562622,0.029135681,-0.097035053
6/1/2003,974.5,0.011322215,0.148930661,0.107612912,-0.015477569
7/1/2003,990.309998,0.016223702,0.080039716,0.157309786,0.086318865
8/1/2003,1008.01001,0.017873203,0.046098425,0.198371255,0.100363512
9/1/2003,995.969971,-0.011944365,0.022031781,0.17424365,0.2216293
10/1/2003,1050.709961,0.054961486,0.060990966,0.145912381,0.186224202
11/1/2003,1058.199951,0.007128504,0.049791114,0.098184831,0.130181193
12/1/2003,1111.920044,0.050765541,0.116419246,0.141015951,0.263804
1/1/2004,1131.130005,0.017276387,0.076538766,0.142197905,0.321876813
2/1/2004,1144.939941,0.012208973,0.081969376,0.135841837,0.361160207
3/1/2004,1126.209961,-0.016358919,0.012851569,0.130766985,0.327795952
4/1/2004,1107.300049,-0.016790752,-0.021067389,0.053858905,0.207629967
5/1/2004,1120.680054,0.01208345,-0.021188786,0.059043759,0.163025792
6/1/2004,1140.839966,0.017988999,0.012990477,0.026008994,0.170692628
7/1/2004,1101.719971,-0.034290519,-0.005039355,-0.026000578,0.112500099
8/1/2004,1104.23999,0.00228735,-0.014669721,-0.035547673,0.095465302
9/1/2004,1114.579956,0.009363876,-0.023018136,-0.010326676,0.119089921
10/1/2004,1130.199951,0.014014244,0.025850471,0.020680846,0.075653599
11/1/2004,1173.819946,0.038594936,0.063011625,0.047417541,0.10926101
12/1/2004,1211.920044,0.032458213,0.087333428,0.062305038,0.089934524
1/1/2005,1181.27002,-0.025290467,0.045186756,0.072205325,0.044327367
2/1/2005,1203.599976,0.018903346,0.025370186,0.089980427,0.051234159
3/1/2005,1180.589966,-0.019117656,-0.025851605,0.059224114,0.04828585
4/1/2005,1156.849976,-0.020108582,-0.020672703,0.023579921,0.044748419
5/1/2005,1191.5,0.029952046,-0.010053154,0.015061981,0.063193724
6/1/2005,1191.329956,-0.000142714,0.009097138,-0.016989642,0.044256856
7/1/2005,1234.180054,0.035968287,0.066845382,0.044790804,0.120230264
8/1/2005,1220.329956,-0.011222105,0.024196354,0.01389995,0.105131101
9/1/2005,1228.810059,0.006949025,0.031460724,0.040844065,0.102487132
10/1/2005,1207.01001,-0.01774078,-0.022014652,0.043359152,0.067961478
11/1/2005,1249.47998,0.035186096,0.023887002,0.048661334,0.064456252
12/1/2005,1248.290039,-0.000952349,0.015852719,0.047812181,0.030010226
1/1/2006,1280.079956,0.025466771,0.060537978,0.037190604,0.083647205
2/1/2006,1280.660034,0.000453158,0.024954425,0.049437513,0.064024642
3/1/2006,1294.869995,0.01109581,0.037315011,0.053759273,0.096799085
4/1/2006,1310.609985,0.012155653,0.023850095,0.08583191,0.132912661
5/1/2006,1270.089966,-0.030916916,-0.00825361,0.016494851,0.065958847
6/1/2006,1270.199951,8.65962E-05,-0.01905214,0.01755194,0.066203317
7/1/2006,1276.660034,0.005085879,-0.025903931,-0.002671647,0.034419597
8/1/2006,1303.819946,0.021274193,0.026557158,0.018084356,0.068415915
9/1/2006,1335.849976,0.024566299,0.051684796,0.03164795,0.087108594
10/1/2006,1377.939941,0.031508003,0.079331932,0.051372992,0.141614344
11/1/2006,1400.630005,0.016466657,0.074251095,0.102780151,0.120970346
12/1/2006,1418.300049,0.012615783,0.061721057,0.116595893,0.136194318
1/1/2007,1438.23999,0.014059043,0.043761014,0.126564592,0.123554809
2/1/2007,1406.819946,-0.021846176,0.004419398,0.078998638,0.098511634
3/1/2007,1420.859985,0.009979983,0.001804933,0.063637392,0.097299335
4/1/2007,1482.369995,0.043290691,0.030683339,0.075787087,0.131053488
5/1/2007,1530.619995,0.032549229,0.087999924,0.092808229,0.205127224
6/1/2007,1503.349976,-0.017816322,0.058056383,0.059966103,0.183553798
7/1/2007,1455.27002,-0.031981878,-0.018281519,0.011840882,0.13990411
8/1/2007,1473.98999,0.012863572,-0.036998083,0.047746013,0.130516521
9/1/2007,1526.75,0.035794008,0.015565254,0.074525299,0.142905287
10/1/2007,1549.380005,0.014822338,0.064668401,0.045204645,0.124417661
11/1/2007,1481.140015,-0.044043417,0.004850796,-0.032326757,0.057481283
12/1/2007,1468.359985,-0.008628509,-0.038244647,-0.023274681,0.03529573
1/1/2008,1378.550049,-0.061163432,-0.110256977,-0.052718719,-0.041502073
2/1/2008,1330.630005,-0.034761193,-0.101617679,-0.097259809,-0.054157564
3/1/2008,1322.699951,-0.005959624,-0.099199131,-0.133649942,-0.069084945
4/1/2008,1385.589966,0.047546698,0.005106755,-0.105713278,-0.065287364
5/1/2008,1400.380005,0.010674182,0.052418779,-0.054525574,-0.085089696
6/1/2008,1280,-0.085962385,-0.032282417,-0.12827916,-0.148568184
7/1/2008,1267.380005,-0.009859371,-0.085313811,-0.080642733,-0.129110071
8/1/2008,1282.829956,0.012190465,-0.083941536,-0.03592287,-0.129688828
9/1/2008,1166.359985,-0.090791434,-0.088781262,-0.118197605,-0.236050444
10/1/2008,968.75,-0.169424524,-0.235627834,-0.300839336,-0.374749902
11/1/2008,896.23999,-0.074849043,-0.301357139,-0.360002295,-0.394898537
12/1/2008,903.25,0.007821577,-0.225582143,-0.294335938,-0.38485793
1/1/2009,825.880005,-0.085657343,-0.147478705,-0.348356451,-0.400906768
2/1/2009,735.090027,-0.109931198,-0.179806709,-0.426977813,-0.447562415
3/1/2009,797.869995,0.085404462,-0.116667595,-0.315931612,-0.396786857
4/1/2009,872.809998,0.09392508,0.056824227,-0.099034841,-0.370080601
5/1/2009,919.140015,0.053081446,0.250377479,0.02555122,-0.343649572
6/1/2009,919.320007,0.000195827,0.152217796,0.017791317,-0.281781245
7/1/2009,987.47998,0.074141727,0.131380234,0.195670042,-0.22084933
8/1/2009,1020.619995,0.033560189,0.110407531,0.38842857,-0.204399624
9/1/2009,1057.079956,0.035723346,0.149849832,0.324877439,-0.093693225
10/1/2009,1036.189941,-0.019762001,0.049327543,0.187188441,0.069615423
11/1/2009,1095.630005,0.057364062,0.073494553,0.192016436,0.22247391
12/1/2009,1115.099976,0.017770571,0.054887069,0.212961719,0.234541905
1/1/2010,1073.869995,-0.036974246,0.036364041,0.087485333,0.300273634
2/1/2010,1104.48999,0.028513689,0.008086658,0.082175536,0.502523432
3/1/2010,1169.430054,0.058796426,0.048722159,0.106283444,0.465689976
4/1/2010,1186.689941,0.01475923,0.105059222,0.145243641,0.359620013
5/1/2010,1089.410034,-0.081975842,-0.013653321,-0.005677073,0.185249272
6/1/2010,1030.709961,-0.053882442,-0.118621967,-0.075679326,0.121165593
7/1/2010,1101.599976,0.06877785,-0.07170362,0.025822475,0.115566896
8/1/2010,1049.329956,-0.047449184,-0.036790627,-0.049941633,0.028129922
9/1/2010,1141.199951,0.087551103,0.107197945,-0.024140053,0.079577703
10/1/2010,1183.26001,0.036855994,0.074128573,-0.002890335,0.141933504
11/1/2010,1180.550049,-0.00229025,0.125051317,0.083659974,0.077507958
12/1/2010,1257.640015,0.06530004,0.102033008,0.220168682,0.127827138
1/1/2011,1286.119995,0.022645574,0.086929317,0.167501836,0.197649623
2/1/2011,1327.219971,0.031956564,0.124238631,0.264826153,0.201658669
3/1/2011,1325.829956,-0.001047313,0.054220556,0.161785851,0.133740279
4/1/2011,1363.609985,0.02849538,0.06025098,0.152417874,0.149087001
5/1/2011,1345.199951,-0.013500953,0.013547099,0.139468803,0.234796733
6/1/2011,1320.640015,-0.018257461,-0.003914485,0.050093826,0.2812916
7/1/2011,1292.280029,-0.021474426,-0.052309646,0.004789626,0.173093734
8/1/2011,1218.890015,-0.056791107,-0.093896774,-0.081621704,0.161588886
9/1/2011,1131.420044,-0.071761988,-0.143278993,-0.146632614,-0.008569845
10/1/2011,1253.300049,0.107723039,-0.030163725,-0.080895518,0.059192433
11/1/2011,1246.959961,-0.005058715,0.023029105,-0.073030028,0.056253364
12/1/2011,1257.599976,0.008532764,0.111523508,-0.047734461,-3.18366E-05
1/1/2012,1312.410034,0.043583062,0.047163475,0.015577123,0.020441358
2/1/2012,1365.680054,0.040589464,0.095207622,0.120429274,0.028977927
3/1/2012,1408.469971,0.031332315,0.119966601,0.244869205,0.06233078
4/1/2012,1397.910034,-0.007497453,0.065147323,0.115383371,0.025153856
5/1/2012,1310.329956,-0.062650726,-0.04052933,0.050819591,-0.025921793
6/1/2012,1362.160034,0.039554982,-0.032879605,0.083142541,0.031439316
7/1/2012,1379.319946,0.012597574,-0.013298487,0.050982475,0.067353759
8/1/2012,1406.579956,0.01976337,0.073454781,0.029948378,0.153984313
9/1/2012,1440.670044,0.024236154,0.057636407,0.022861739,0.27332908
10/1/2012,1412.160034,-0.01978941,0.023808898,0.010193789,0.126753354
11/1/2012,1416.180054,0.002846717,0.006825135,0.080781255,0.135706116
12/1/2012,1426.189941,0.00706823,-0.01005095,0.047006156,0.134056909
1/1/2013,1498.109985,0.050428097,0.060864172,0.086122179,0.141495376
2/1/2013,1514.680054,0.011060649,0.069553303,0.076853148,0.109103153
3/1/2013,1569.189941,0.035987724,0.100267149,0.089208419,0.114109618
4/1/2013,1597.569946,0.018085768,0.066390293,0.131295255,0.14282744
5/1/2013,1630.73999,0.020762812,0.0766234,0.151506114,0.244526222
6/1/2013,1606.280029,-0.014999302,0.023636455,0.126273565,0.179215356
7/1/2013,1685.72998,0.04946208,0.055183834,0.125237798,0.222145728
8/1/2013,1632.969971,-0.031298019,0.001367466,0.078095646,0.16095069
9/1/2013,1681.550049,0.029749523,0.046859837,0.071603893,0.167199982
10/1/2013,1756.540039,0.044595753,0.042005576,0.099507438,0.243867548
11/1/2013,1805.810059,0.028049472,0.105844009,0.107356213,0.275127449
12/1/2013,1848.359985,0.023562792,0.099200102,0.150708439,0.296012496
1/1/2014,1782.589966,-0.035582906,0.014830249,0.057458779,0.189892587
2/1/2014,1859.449951,0.04311703,0.029704061,0.138692067,0.227618959
3/1/2014,1872.339966,0.006932166,0.012973653,0.113460742,0.193188866
4/1/2014,1883.949951,0.006200789,0.056861077,0.07253459,0.17925976
5/1/2014,1923.569946,0.02103028,0.034483313,0.065211669,0.179568759
6/1/2014,1960.22998,0.019058332,0.046941269,0.060523922,0.220353827
7/1/2014,1930.670044,-0.015079831,0.02479901,0.083070185,0.145302075
8/1/2014,2003.369995,0.037655295,0.04148539,0.077399257,0.226825986
9/1/2014,1972.290039,-0.015513837,0.006152369,0.053382438,0.172899992
10/1/2014,2018.050049,0.023201461,0.045258901,0.071180287,0.14887791
11/1/2014,2067.560059,0.024533589,0.032041043,0.074855668,0.144948799
12/1/2014,2058.899902,-0.004188588,0.04391335,0.050335891,0.113906338
1/1/2015,1994.98999,-0.031040806,-0.011426901,0.033314831,0.119152485
2/1/2015,2104.5,0.054892511,0.017866442,0.050479944,0.131786311
3/1/2015,2067.889893,-0.017396107,0.004366405,0.048471499,0.104441464
4/1/2015,2085.51001,0.00852082,0.045373671,0.033428289,0.106988011
5/1/2015,2107.389893,0.010491382,0.001373197,0.019264173,0.095561873
6/1/2015,2063.110107,-0.021011672,-0.002311432,0.002044881,0.052483702
7/1/2015,2103.840088,0.01974203,0.008789254,0.054561726,0.089694272
8/1/2015,1972.180054,-0.062580818,-0.064159859,-0.062874766,-0.015568737
9/1/2015,1920.030029,-0.026442832,-0.069351644,-0.071502774,-0.026497122
10/1/2015,2079.360107,0.082983118,-0.011635856,-0.002948872,0.030380841
11/1/2015,2080.409912,0.000504869,0.054878284,-0.012802558,0.006214984
12/1/2015,2043.939941,-0.017530185,0.064535403,-0.009291877,-0.007265997
1/1/2016,1940.23999,-0.050735322,-0.066905254,-0.077762611,-0.027443747
2/1/2016,1932.22998,-0.00412836,-0.071226315,-0.020256809,-0.081857933
3/1/2016,2059.73999,0.065991115,0.007730192,0.072764467,-0.003941169
4/1/2016,2065.300049,0.002699398,0.064455974,-0.006761723,-0.009690656
5/1/2016,2096.949951,0.015324602,0.085248636,0.007950375,-0.004953968
6/1/2016,2098.860107,0.000910921,0.018992745,0.026869755,0.017328207
7/1/2016,2173.600098,0.035609801,0.052437925,0.120273837,0.033158418
8/1/2016,2170.949951,-0.001219243,0.03528935,0.123546355,0.100786891
9/1/2016,2168.27002,-0.001234451,0.03307029,0.052691131,0.12928964
10/1/2016,2126.149902,-0.019425679,-0.021830233,0.02946296,0.022502016
11/1/2016,2198.810059,0.034174522,0.012833142,0.048575364,0.056911932
12/1/2016,2238.830078,0.018200762,0.032542099,0.066688566,0.095350227
1/1/2017,2278.870117,0.017884358,0.071829467,0.048431181,0.174530021
2/1/2017,2363.639893,0.03719816,0.074963198,0.088758353,0.223270479
3/1/2017,2362.719971,-0.000389197,0.05533689,0.089679767,0.147096227
4/1/2017,2384.199951,0.009091209,0.046220201,0.12136964,0.154408509
5/1/2017,2411.800049,0.011576251,0.02037542,0.096866025,0.150146692
6/1/2017,2423.409912,0.004813775,0.025686472,0.082444771,0.154631461
7/1/2017,2470.300049,0.019348826,0.036112784,0.084002125,0.136501628
8/1/2017,2471.649902,0.000546433,0.024815429,0.045696474,0.138510771
9/1/2017,2519.360107,0.019302979,0.039593052,0.06629653,0.161921755
10/1/2017,2575.26001,0.022188135,0.04248875,0.080135921,0.211231629
11/1/2017,2584.840088,0.003720043,0.045795396,0.071747257,0.175563154
12/1/2017,2673.610107,0.034342557,0.061225864,0.103243035,0.194199655
1/1/2018,2823.810059,0.056178704,0.096514545,0.143104078,0.239127249
2/1/2018,2713.830078,-0.038947372,0.049902503,0.097983204,0.148157165
3/1/2018,2640.870117,-0.026884499,-0.012245611,0.048230505,0.11772455
4/1/2018,2648.050049,0.002718775,-0.06224215,0.028265122,0.110666095
5/1/2018,2705.27002,0.021608342,-0.003154235,0.046590864,0.121680888
6/1/2018,2718.370117,0.004842436,0.029346388,0.016741413,0.121712882
7/1/2018,2816.290039,0.036021556,0.063533539,-0.002663076,0.140059905
8/1/2018,2901.52002,0.030263211,0.07254359,0.069160536,0.17392031
9/1/2018,2913.97998,0.004294287,0.07195851,0.103416621,0.156634961
10/1/2018,2711.73999,-0.069403356,-0.037123324,0.024051638,0.052996583
11/1/2018,2760.169922,0.017859357,-0.048715879,0.020293687,0.067830051
12/1/2018,2506.850098,-0.091776895,-0.139716088,-0.077811339,-0.062372598
1/1/2019,2704.100098,0.078684402,-0.002817339,-0.039836075,-0.042393064
2/1/2019,2784.48999,0.029728889,0.008811076,-0.040334042,0.02603697
3/1/2019,2834.399902,0.017924256,0.130661903,-0.027309755,0.073282584
4/1/2019,2945.830078,0.039313498,0.089393873,0.08632468,0.112452568
5/1/2019,2752.060059,-0.065777731,-0.011646632,-0.002938175,0.017295885
6/1/2019,2941.76001,0.068930164,0.037877544,0.173488599,0.08217788
7/1/2019,2980.379883,0.013128152,0.011728377,0.102170694,0.05826454
8/1/2019,2926.459961,-0.018091627,0.063370674,0.050985987,0.008595474
9/1/2019,2976.73999,0.017181178,0.011890834,0.050218774,0.021537557
10/1/2019,3037.560059,0.020431771,0.019185533,0.031138925,0.120151663
11/1/2019,3140.97998,0.034047037,0.073303589,0.141319562,0.137966165
12/1/2019,3230.780029,0.028589819,0.085341696,0.098247314,0.288780702
1/1/2020,3225.52002,-0.001628093,0.061878599,0.082251306,0.192825673
2/1/2020,2954.219971,-0.084110484,-0.059459153,0.009485867,0.060955501
3/1/2020,2554.89,-0.135172727,-0.209203357,-0.141715431,-0.098613432
4/1/2020,2912.43,0.139943403,-0.097066525,-0.041194267,-0.011338087
5/1/2020,3044.31,0.045281775,0.030495369,-0.030777012,0.106193155
6/1/2020,3100.29,0.018388403,0.213472987,-0.040389636,0.053889505
7/1/2020,3271.12,0.055101297,0.123158325,0.014137249,0.097551362
8/1/2020,3500.31,0.070064687,0.149787637,0.184850835,0.196090173
9/1/2020,3363,-0.039227954,0.084737234,0.316299332,0.129759405
10/1/2020,3269.96,-0.027665775,-0.000354619,0.122760032,0.076508756
11/1/2020,3621.63,0.107545658,0.034659787,0.189639032,0.153025496
12/1/2020,3756.07,0.037121407,0.116880761,0.211522148,0.16258921
1/1/2021,3714.24,-0.01113664,0.135867105,0.135464306,0.151516648
2/1/2021,3811.15,0.026091475,0.052330028,0.088803563,0.290069811
3/1/2021,3972.89,0.042438634,0.057725229,0.181352959,0.55501411
4/1/2020,4079.95,0.026947638,0.098461596,0.247706394,0.400874871
